"manUnit","stkName","stk","model","domCycle","minER","sigER","usERScalar","canERScalar","tauCycAge","alpha","beta0","sigma","coef1","covarInit","mu_logCovar1","sig_logCovar1","min_logCovar","max_logCovar","aveGenTime","ageFirstRec","ageMaxRec","larkAlpha","larkBeta0","larkBeta1","larkBeta2","larkBeta3","larkSigma","meanRec2","meanRec3","meanRec4","meanRec5","meanRec6","medianRec","lowQRec","highQRec","meanDBE","sdDBE","medMA","meanForecast","sdForecast"
"IFCoho","Middle_Fraser",1,"rickerSurv",NA,0.05,0.057,1,1,0,2.50633918541029,0.000109771727533393,0.501635224895844,0.400733955554712,0.0110666666666667,-4.58291763336256,0.447362932714153,-5.914504,-2.701571,3,2,4,NA,NA,NA,NA,NA,NA,0,0.842285307721685,0.157714692278315,0,0,5019,4349,5562,NA,NA,NA,NA,NA
"IFCoho","Fraser_Canyon",2,"rickerSurv",NA,0.05,0.057,1,1,0,2.89768668849757,0.000354563136073988,0.627594545039595,0.400733955554712,0.0110666666666667,-4.58291763336256,0.447362932714153,-5.914504,-2.701571,3,2,4,NA,NA,NA,NA,NA,NA,0,0.842285307721685,0.157714692278315,0,0,2940,1926,5281,NA,NA,NA,NA,NA
"IFCoho","Lower_Thompson",3,"rickerSurv",NA,0.05,0.057,1,1,0,2.63537773429653,0.000122938355049039,0.61797320452309,0.400733955554712,0.0110666666666667,-4.58291763336256,0.447362932714153,-5.914504,-2.701571,3,2,4,NA,NA,NA,NA,NA,NA,0,0.842285307721685,0.157714692278315,0,0,6912,3369,9229,NA,NA,NA,NA,NA
"IFCoho","North_Thompson",4,"rickerSurv",NA,0.05,0.057,1,1,0,2.85473581708712,8.15103248268052e-05,0.4539102687375,0.400733955554712,0.0110666666666667,-4.58291763336256,0.447362932714153,-5.914504,-2.701571,3,2,4,NA,NA,NA,NA,NA,NA,0,0.842285307721685,0.157714692278315,0,0,11119,7640,18107,NA,NA,NA,NA,NA
"IFCoho","South_Thompson",5,"rickerSurv",NA,0.05,0.057,1,1,0,2.50246978094616,8.15163166524789e-05,0.594436988859314,0.400733955554712,0.0110666666666667,-4.58291763336256,0.447362932714153,-5.914504,-2.701571,3,2,4,NA,NA,NA,NA,NA,NA,0,0.842285307721685,0.157714692278315,0,0,6619,4110,12420,NA,NA,NA,NA,NA
